experimento_id,unidad,metrica,k,valor,n_preguntas
EXP_20260924_222147_7329f6,articulo,final_hit_rate,4,0.4375,16
EXP_20260924_222147_7329f6,articulo,hit_rate,5,0.5625,16
EXP_20260924_222147_7329f6,articulo,hit_rate,10,0.5625,16
EXP_20260924_222147_7329f6,articulo,hit_rate,15,0.5625,16
EXP_20260924_222147_7329f6,articulo,mrr,5,0.3770833333333334,16
EXP_20260924_222147_7329f6,articulo,mrr,10,0.3770833333333334,16
EXP_20260924_222147_7329f6,articulo,mrr,15,0.3770833333333334,16
EXP_20260924_222147_7329f6,articulo,ndcg,5,0.42176287021133296,16
EXP_20260924_222147_7329f6,articulo,ndcg,10,0.42176287021133296,16
EXP_20260924_222147_7329f6,articulo,ndcg,15,0.42176287021133296,16
EXP_20260924_222147_7329f6,articulo,recall,5,0.5625,16
EXP_20260924_222147_7329f6,articulo,recall,10,0.5625,16
EXP_20260924_222147_7329f6,articulo,recall,15,0.5625,16
EXP_20260924_222147_7329f6,documento,final_hit_rate,4,0.7647058823529411,17
EXP_20260924_222147_7329f6,documento,hit_rate,5,0.9411764705882353,17
EXP_20260924_222147_7329f6,documento,hit_rate,10,0.9411764705882353,17
EXP_20260924_222147_7329f6,documento,hit_rate,15,0.9411764705882353,17
EXP_20260924_222147_7329f6,documento,mrr,5,0.7107843137254902,17
EXP_20260924_222147_7329f6,documento,mrr,10,0.7107843137254902,17
EXP_20260924_222147_7329f6,documento,mrr,15,0.7107843137254902,17
EXP_20260924_222147_7329f6,documento,ndcg,5,0.7683297830379324,17
EXP_20260924_222147_7329f6,documento,ndcg,10,0.7683297830379324,17
EXP_20260924_222147_7329f6,documento,ndcg,15,0.7683297830379324,17
EXP_20260924_222147_7329f6,documento,recall,5,0.9411764705882353,17
EXP_20260924_222147_7329f6,documento,recall,10,0.9411764705882353,17
EXP_20260924_222147_7329f6,documento,recall,15,0.9411764705882353,17
EXP_20260924_222147_7329f6,final,abstention_due_threshold_rate,4,0.0,17
EXP_20260924_222147_7329f6,final,final_num_chunks_avg,4,3.8823529411764706,17
