pregunta_id,pregunta,respuesta_len,tipo_mensaje,num_puntos,num_citas,relevancia,completitud_estricta,faithfulness,citation_correctness
Q01,¿Qué dice el estatuto sobre las autoridades univer,1338,M02,3,3,,,,
Q02,¿Cómo se eligen el rector y vicerrectores?,889,M02,3,3,,,,
Q03,¿Cuáles son los requisitos para obtener el título ,444,M02,3,3,,,,
Q04,¿Cómo me matriculo en la UPeU?,271,M04,3,0,,,,
Q05,¿Qué requisitos hay para un proyecto de tesis?,545,M02,3,2,,,,
Q06,¿Cuáles son los requisitos para publicar un artícu,754,M02,3,4,,,,
Q07,¿Qué becas ofrece la universidad?,158,M02,3,3,,,,
Q08,¿Qué sanciones existen para los estudiantes?,613,M02,3,4,,,,
Q09,¿Qué dice la política de trabajo digno?,283,M04,3,0,,,,
Q10,¿Quién supervisa la auditoría interna?,131,M02,3,1,,,,
Q11,¿Cómo solicito una constancia de estudios?,273,M04,2,0,,,,
Q12,¿Cuál es el procedimiento para cambiar de carrera?,163,M02,3,1,,,,
Q13,¿Qué incentivos hay para investigadores?,632,M02,3,3,,,,
Q14,¿Qué derechos tiene el estudiante universitario?,426,M02,3,4,,,,
Q15,¿Cómo solicito una beca en la UPeU?,1368,M02,4,0,,,,
Q16,¿Cuál es el procedimiento para presentar una queja,244,M02,3,1,,,,
Q17,¿Qué servicios ofrece la universidad a los egresad,292,M04,2,0,,,,
