tipo,pregunta_id,id,descripcion,estado_humano,justificacion,fragmento
PUNTO,Q01,Q01_P01,Las instancias de gobierno de la UPeU incluyen la Asamblea Universitaria como máximo órgano,,,
PUNTO,Q01,Q01_P02,"El Consejo Universitario es órgano de gestión, dirección y ejecución académica y administrativa",,,
PUNTO,Q01,Q01_P03,El Rector es elegido por la Asamblea Universitaria por cinco años y puede ser reelegido,,,
PUNTO,Q01,Q01_P04,"Otras autoridades: Consejo de Facultad y Decano, Consejo de EPG y su Director, Vicerrector Académico y vicerrectores de apoyo",,,
CITA,Q01,"ESTATUTO 2024, Artículo 48°",ESTATUTO 2024 48°,,,
CITA,Q01,"ESTATUTO 2024, Artículo 124°",ESTATUTO 2024 124°,,,
CITA,Q01,"ESTATUTO 2024, Artículo 53°",ESTATUTO 2024 53°,,,
RELEVANCIA,Q01,,,,,
NOTAS,Q01,,,,,
PUNTO,Q02,Q02_P01,Los vicerrectorados de apoyo son administrativo y bienestar universitario y apoyan al rector,,,
PUNTO,Q02,Q02_P02,Los vicerrectores de apoyo son puestos de confianza designados por Asamblea a propuesta de la promotora,,,
PUNTO,Q02,Q02_P03,El Vicerrector Académico es elegido por Asamblea por cinco años y puede ser reelegido,,,
PUNTO,Q02,Q02_P04,El Rector es elegido por la Asamblea Universitaria por un período de cinco años y puede ser reelegido,,,
CITA,Q02,"Reglamento Comite Electoral Universitario 2016 OK.pdf, Artículo 18°",Reglamento Comite Electoral Universitario 2016 OK.pdf 18°,,,
CITA,Q02,"Reglamento Comite Electoral Universitario 2016 OK.pdf, Artículo 14°",Reglamento Comite Electoral Universitario 2016 OK.pdf 14°,,,
CITA,Q02,"Reglamento Comite Electoral Universitario 2016 OK.pdf, Artículo 36°",Reglamento Comite Electoral Universitario 2016 OK.pdf 36°,,,
RELEVANCIA,Q02,,,,,
NOTAS,Q02,,,,,
PUNTO,Q03,Q03_P01,Solicitud dirigida al secretario general para otorgamiento del Título Profesional,,,
PUNTO,Q03,Q03_P02,Haber abonado el derecho de pago del diploma de Título Profesional según tarifario UPeU,,,
PUNTO,Q03,Q03_P03,"Cumplir requisitos administrativos específicos según ley, SUNEDU y TUPA",,,
PUNTO,Q03,Q03_P04,Poseer el Grado Académico de Bachiller otorgado por la UPeU,,,
PUNTO,Q03,Q03_P05,"Haber sustentado satisfactoriamente una tesis según modalidad vigente, o el trabajo de suficiencia profesional",,,
PUNTO,Q03,Q03_P06,No tener sanción disciplinaria o medida restrictiva vigente,,,
CITA,Q03,"REGLAMENTO GRADOS Y TITULOS.v8 2025, Artículo 41°",REGLAMENTO GRADOS Y TITULOS.v8 2025 41°,,,
CITA,Q03,"REGLAMENTO GRADOS Y TITULOS.v8 2025, Artículo 41°",REGLAMENTO GRADOS Y TITULOS.v8 2025 41°,,,
CITA,Q03,"REGLAMENTO GRADOS Y TITULOS.v8 2025, Artículo 41°",REGLAMENTO GRADOS Y TITULOS.v8 2025 41°,,,
RELEVANCIA,Q03,,,,,
NOTAS,Q03,,,,,
PUNTO,Q04,Q04_P01,"La matrícula es acto formal, voluntario, personal y obligatorio que otorga derechos y obligaciones",,,
PUNTO,Q04,Q04_P02,Modalidades de matrícula: presencial como regla y excepcionalmente por tercera persona con carta poder,,,
PUNTO,Q04,Q04_P03,Cronograma de matrícula es propuesto por vicerrectorado académico y aprobado por Consejo Universitario,,,
RELEVANCIA,Q04,,,,,
NOTAS,Q04,,,,,
PUNTO,Q05,Q05_P01,El CIIEP coordina con el director de la EP la articulación curricular de actividades de investigación,,,
PUNTO,Q05,Q05_P02,La Etapa II (2do y 3er año) comprende articulación curricular de investigación formativa,,,
PUNTO,Q05,Q05_P03,Los contenidos de investigación deben comprender todas las asignaturas y determinar rol de cada uno,,,
CITA,Q05,"REGLAMENTO INVESTIGACION UPeU 2025 V8, Artículo 107°",REGLAMENTO INVESTIGACION UPeU 2025 V8 107°,,,
CITA,Q05,"REGLAMENTO INVESTIGACION UPeU 2025 V8, Artículo 109°",REGLAMENTO INVESTIGACION UPeU 2025 V8 109°,,,
RELEVANCIA,Q05,,,,,
NOTAS,Q05,,,,,
PUNTO,Q06,Q06_P01,Artículos derivados de tesis doctoral pueden someterse con acompañamiento y coautoría del asesor,,,
PUNTO,Q06,Q06_P02,La contribución del asesor debe cumplir criterios éticos y académicos de autoría científica,,,
PUNTO,Q06,Q06_P03,La sumisión puede realizarse posterior a la inscripción del proyecto de tesis doctoral,,,
CITA,Q06,"REGLAMENTO INVESTIGACION UPeU 2025 V8, Artículo 119°",REGLAMENTO INVESTIGACION UPeU 2025 V8 119°,,,
CITA,Q06,"REGLAMENTO INVESTIGACION UPeU 2025 V8, Artículo 107°",REGLAMENTO INVESTIGACION UPeU 2025 V8 107°,,,
CITA,Q06,"REGLAMENTO INVESTIGACION UPeU 2025 V8, Artículo 93°",REGLAMENTO INVESTIGACION UPeU 2025 V8 93°,,,
CITA,Q06,"REGLAMENTO INVESTIGACION UPeU 2025 V8, Artículo 93°",REGLAMENTO INVESTIGACION UPeU 2025 V8 93°,,,
RELEVANCIA,Q06,,,,,
NOTAS,Q06,,,,,
PUNTO,Q07,Q07_P01,"Beca por excelencia académica: ranking semestral, primer puesto admisión, egresados Colegio Unión",,,
PUNTO,Q07,Q07_P02,Beca socioeconómica y por carencia de recursos/apoyo familiar y pobreza extrema,,,
PUNTO,Q07,Q07_P03,Prohibido otorgar simultáneamente dos clases de becas al mismo estudiante en el mismo semestre,,,
PUNTO,Q07,Q07_P04,Becas por convenio y beca de ley (fallecimiento/invalidez/internamiento del responsable financiero),,,
PUNTO,Q07,Q07_P05,"Becas para deportistas destacados, etnia y discapacidad",,,
CITA,Q07,Artículo 69°,69°,,,
CITA,Q07,Artículo 20°,20°,,,
CITA,Q07,Artículo 25°,25°,,,
RELEVANCIA,Q07,,,,,
NOTAS,Q07,,,,,
PUNTO,Q08,Q08_P01,Sancionado por falta grave/muy grave no puede acceder a matrícula ordinaria o extraordinaria,,,
PUNTO,Q08,Q08_P02,Sancionado no puede beneficiarse de las becas que ofrece la UPeU durante la sanción y semestre siguiente,,,
PUNTO,Q08,Q08_P03,Sancionado no puede encargarse de prácticas o ayudantías de cátedra,,,
PUNTO,Q08,Q08_P04,"Las faltas disciplinarias se clasifican en leves, graves y muy graves (Art45-48)",,,
PUNTO,Q08,Q08_P05,Los tipos de sanciones se aplican según la gravedad de la falta (Art49-50),,,
CITA,Q08,"ESTATUTO 2024. 04-09-2024, Artículo 114°",ESTATUTO 2024. 04-09-2024 114°,,,
CITA,Q08,"REGLAMENTO ESTUDIANTE UNIONISTA V3, Artículo 55°",REGLAMENTO ESTUDIANTE UNIONISTA V3 55°,,,
CITA,Q08,"REGLAMENTO ESTUDIANTE UNIONISTA V3, Artículo 55°",REGLAMENTO ESTUDIANTE UNIONISTA V3 55°,,,
CITA,Q08,"REGLAMENTO ESTUDIANTE UNIONISTA V3, Artículo 55°",REGLAMENTO ESTUDIANTE UNIONISTA V3 55°,,,
RELEVANCIA,Q08,,,,,
NOTAS,Q08,,,,,
PUNTO,Q09,Q09_P01,"La UPeU reconoce al ser humano como creación de Dios dotado de dignidad, libertad y valor intrínseco",,,
PUNTO,Q09,Q09_P02,"La libertad excluye toda forma de sometimiento, coerción, explotación o abuso y orienta a justicia y equidad",,,
PUNTO,Q09,Q09_P03,Los principios bíblico-cristianos son fundamento de las relaciones institucionales,,,
RELEVANCIA,Q09,,,,,
NOTAS,Q09,,,,,
PUNTO,Q10,Q10_P01,"La Oficina de Auditoría Interna tiene estructura: Auditor Interno, Asistente y Personal de Apoyo",,,
PUNTO,Q10,Q10_P02,El Auditor Interno es nombrado por Consejo Universitario a propuesta del Rector y depende de él,,,
PUNTO,Q10,Q10_P03,"El Auditor Interno dirige, coordina, programa y ejecuta todas las acciones de auditoría interna",,,
CITA,Q10,"REGLAMENTO GENERAL UPeU 2023, Artículo 613°",REGLAMENTO GENERAL UPeU 2023 613°,,,
RELEVANCIA,Q10,,,,,
NOTAS,Q10,,,,,
PUNTO,Q11,Q11_P01,La constancia de estudios se solicita ante Secretaría General según TUPA vigente (Res. 2432-2023),,,
PUNTO,Q11,Q11_P02,El TUPA regula procedimientos académico-administrativos con vigencia por plazo indeterminado,,,
RELEVANCIA,Q11,,,,,
NOTAS,Q11,,,,,
PUNTO,Q12,Q12_P01,Traslado procede automáticamente si existen vacantes no cubiertas en admisión,,,
PUNTO,Q12,Q12_P02,Traslado procede si hay renuncia a vacante obtenida en nómina de ingresantes,,,
PUNTO,Q12,Q12_P03,Traslado procede al final de matrícula extemporánea si hay reserva de matrícula,,,
CITA,Q12,"REGLAMENTO ADMISION 2025.v7.pdf, Artículo 40°",REGLAMENTO ADMISION 2025.v7.pdf 40°,,,
RELEVANCIA,Q12,,,,,
NOTAS,Q12,,,,,
PUNTO,Q13,Q13_P01,Bonificación otorgada mientras mantenga vínculo laboral vigente con la UPeU,,,
PUNTO,Q13,Q13_P02,Beneficiario debe tener al menos 20 horas de dedicación y UPeU como afiliación principal en CTI Vitae,,,
PUNTO,Q13,Q13_P03,Bono mensual según nivel Renacyt a partir de informe de DGI,,,
PUNTO,Q13,Q13_P04,"Mantenimiento de la bonificación: actualización DGI/DTH, publicación Scopus/WoS y boleta de pago",,,
CITA,Q13,"REGLAMENTO INCENTIVOS INVESTIGACION E INNOVACIÓN 2025.pdf, Artículo 37°",REGLAMENTO INCENTIVOS INVESTIGACION E INNOVACIÓN 2025.pdf 37°,,,
CITA,Q13,"REGLAMENTO INVESTIGADORES UPeU V1 2025.pdf, Artículo 10°",REGLAMENTO INVESTIGADORES UPeU V1 2025.pdf 10°,,,
CITA,Q13,REGLAMENTO INCENTIVOS INVESTIGACION E INNOVACIÓN 2025.pdf,REGLAMENTO INCENTIVOS INVESTIGACION E INNOVACIÓN 2025.pdf,,,
RELEVANCIA,Q13,,,,,
NOTAS,Q13,,,,,
PUNTO,Q14,Q14_P01,Derecho a formación académica de calidad con principios y valores cristianos,,,
PUNTO,Q14,Q14_P02,Derecho a orientación y consejería para formación y vida íntegra,,,
PUNTO,Q14,Q14_P03,Derecho a participar en proceso de evaluación a los docentes,,,
PUNTO,Q14,Q14_P04,"Derechos de participación y gobierno: evaluación universitaria, asociaciones, clubes y actividades",,,
PUNTO,Q14,Q14_P05,"Derechos de campus y servicios: ingreso, mobiliario, servicios de bienestar, tutoría",,,
PUNTO,Q14,Q14_P06,"Derechos de debido proceso, distinciones, gratuidad de tesis y bolsas de trabajo",,,
CITA,Q14,"REGLAMENTO ESTUDIANTE UNIONISTA V3.pdf, Artículo 32°",REGLAMENTO ESTUDIANTE UNIONISTA V3.pdf 32°,,,
CITA,Q14,"ESTATUTO 2024. 04-09-2024.pdf, Artículo 112°",ESTATUTO 2024. 04-09-2024.pdf 112°,,,
CITA,Q14,"ESTATUTO 2024. 04-09-2024.pdf, Artículo 112°",ESTATUTO 2024. 04-09-2024.pdf 112°,,,
CITA,Q14,"ESTATUTO 2024. 04-09-2024.pdf, Artículo 112°",ESTATUTO 2024. 04-09-2024.pdf 112°,,,
RELEVANCIA,Q14,,,,,
NOTAS,Q14,,,,,
PUNTO,Q15,Q15_P01,Tener calidad de estudiante regular de la UPeU,,,
PUNTO,Q15,Q15_P02,Haber obtenido promedio ponderado mínimo de catorce (14),,,
PUNTO,Q15,Q15_P03,No haber sido ni estar sancionado en el semestre académico precedente,,,
PUNTO,Q15,Q15_P04,No adeudar a la UPeU por ningún concepto (requisito),,,
PUNTO,Q15,Q15_P05,"Documentos de identidad y de economía familiar según situación (boletas, honorarios, pensión, negocio, alquiler, remesas, informales, desempleados)",,,
PUNTO,Q15,Q15_P06,"Otros documentos: SUNARP, hermanos, salud, servicios, apoyo familiar, padres separados",,,
RELEVANCIA,Q15,,,,,
NOTAS,Q15,,,,,
PUNTO,Q16,Q16_P01,Reclamos se formulan por escrito ante instancia correspondiente en horario oficial y debidamente registrado,,,
PUNTO,Q16,Q16_P02,Reclamo verbal ante jefe inmediato quien resuelve en el día dejando constancia,,,
PUNTO,Q16,Q16_P03,Reclamo escrito ante DTH resuelve en cinco días hábiles y notifica en tres días hábiles,,,
CITA,Q16,"REGLAMENTO INTERNO DE TRABAJO Final 2020.pdf, Artículo 171°",REGLAMENTO INTERNO DE TRABAJO Final 2020.pdf 171°,,,
RELEVANCIA,Q16,,,,,
NOTAS,Q16,,,,,
PUNTO,Q17,Q17_P01,"Mecanismos laborales y académicos para egresados: ofertas laborales, prácticas, CV, capacitación y actualización",,,
PUNTO,Q17,Q17_P02,"Servicios e instalaciones para egresados: base de datos, CRAI, laboratorios, ambientes y redes",,,
PUNTO,Q17,Q17_P03,"Vinculación efectiva: cooperación, investigación, capacitación, auspicio de eventos y alianzas",,,
RELEVANCIA,Q17,,,,,
NOTAS,Q17,,,,,
