pregunta_id,pregunta,respuesta_generada,tipo_mensaje,source_validity,citation_match,citation_presence,answerable_but_abstained,relevancia_humana,completitud_humana,faithfulness_humana
Q01,¿Qué dice el estatuto sobre las autoridades universitarias?,- Consejo de Facultad. Es el órgano de gobierno de la facultad y está bajo la di,M02,valid,invalid,1,0,,,
Q02,¿Cómo se eligen el rector y vicerrectores?,"- La elección para Rector, Vicerrector Académico, Decanos y Director de la Escue",M02,valid,valid,1,0,,,
Q03,¿Cuáles son los requisitos para obtener el título profesiona,"- Poseer, tener expedido, el Grado Académico de Bachiller otorgado por la Univer",M02,valid,valid,1,0,,,
Q04,¿Cómo me matriculo en la UPeU?,No encontré información suficiente en los documentos institucionales disponibles,M04,valid,not_applicable,0,1,,,
Q05,¿Qué requisitos hay para un proyecto de tesis?,- El proyecto de tesis debe tener como propósito el desarrollo de una investigac,M02,valid,valid,1,0,,,
Q06,¿Cuáles son los requisitos para publicar un artículo científ,- Los artículos científicos deben ser publicados o estar en proceso de revisión ,M02,valid,valid,1,0,,,
Q07,¿Qué becas ofrece la universidad?,- Beca en posgrado y sus unidades de posgrado (Artículo 69°) - Beca por excelenc,M02,valid,invalid,1,0,,,
Q08,¿Qué sanciones existen para los estudiantes?,"- Sanciones reguladas en reglamentos específicos (ESTATUTO 2024. 04-09-2024, Art",M02,valid,valid,1,0,,,
Q09,¿Qué dice la política de trabajo digno?,No encontré información suficiente en los documentos institucionales disponibles,M04,valid,not_applicable,0,1,,,
Q10,¿Quién supervisa la auditoría interna?,- El auditor general es nombrado por el Consejo Universitario a propuesta del Re,M02,valid,valid,1,0,,,
Q11,¿Cómo solicito una constancia de estudios?,No encontré información suficiente en los documentos institucionales disponibles,M04,valid,not_applicable,0,1,,,
Q12,¿Cuál es el procedimiento para cambiar de carrera?,- Es posible realizar un solo cambio de carrera profesional y modalidad de estud,M02,valid,valid,1,0,,,
Q13,¿Qué incentivos hay para investigadores?,- Incentivo honorífico: Reconocimiento académico público por la destacada y prom,M02,invalid,valid,1,0,,,
Q14,¿Qué derechos tiene el estudiante universitario?,- Derecho a recibir formación académica de calidad (REGLAMENTO ESTUDIANTE UNIONI,M02,valid,valid,1,0,,,
Q15,¿Cómo solicito una beca en la UPeU?,"Para solicitar una beca en la UPeU, el estudiante debe presentar los siguientes ",M02,valid,not_applicable,0,0,,,
Q16,¿Cuál es el procedimiento para presentar una queja?,- El trabajador presenta la queja por escrito ante la DTH. - La DTH atenderá e i,M02,valid,valid,1,0,,,
Q17,¿Qué servicios ofrece la universidad a los egresados?,No encontré información suficiente en los documentos institucionales disponibles,M04,valid,not_applicable,0,1,,,
