pregunta_id,source_validity,citation_match,len_respuesta,fuentes
Q01,valid,not_applicable,1338,"[""ESTATUTO 2024. 04-09-2024.pdf · Artículo 48° · 2024 · [A – Gobierno y estatuto institucional]"", ""ESTATUTO 2024. 04-09-2024.pdf · Artículo 124° · 2024 · [A – Gobierno y estatuto institucional]"", ""ESTATUTO 2024. 04-09-2024.pdf · Artículo 53° · 2024 · [A – Gobierno y estatuto institucional]"", ""REGLAMENTO RESIDENCIAS UNIVERSITARIAS.pdf · Artículo 7° · [D – Bienestar estudiantil]""]"
Q02,valid,not_applicable,877,"[""Reglamento Comite Electoral Universitario 2016 OK.pdf · Artículo 18° · 2016 · [A – Gobierno y estatuto institucional]"", ""Reglamento Comite Electoral Universitario 2016 OK.pdf · Artículo 14° · 2016 · [A – Gobierno y estatuto institucional]"", ""Reglamento Comite Electoral Universitario 2016 OK.pdf · Artículo 36° · 2016 · [A – Gobierno y estatuto institucional]"", ""ESTATUTO 2024. 04-09-2024.pdf · Artículo 57° · 2024 · [A – Gobierno y estatuto institucional]""]"
Q03,valid,not_applicable,444,"[""MODIFICACIÓN DIRECTIVA IMPLEMENTACION BACHILLER AUTOMATICO 2020 - 2021.pdf · Artículo 1° · 2020 · [B – Académico y estudios]"", ""REGLAMENTO DOCENCIA ORDINARIA v3.5.pdf · Artículo 49° · v3.5 · [E – Laboral, docencia y políticas]"", ""REGLAMENTO GRADOS Y TITULOS.v8 2025.pdf · Artículo 41° · v8 2025 · [B – Académico y estudios]"", ""REGLAMENTO GRADOS Y TITULOS.v8 2025.pdf · Artículo 42° · v8 2025 · [B – Académico y estudios]""]"
Q04,valid,not_applicable,271,"[""REGLAMENTO GENERAL UPeU 2023.pdf · Artículo 319° · 2023 · [A – Gobierno y estatuto institucional]"", ""TUPA V6 2023 UPeU.pdf · v6 2023 · [A – Gobierno y estatuto institucional]"", ""REGLAMENTO GENERAL UPeU 2023.pdf · Artículo 366° · 2023 · [A – Gobierno y estatuto institucional]"", ""REGLAMENTO ADMISION 2025.v7.pdf · Artículo 14° · v7 2025 · [B – Académico y estudios]""]"
Q05,valid,not_applicable,545,"[""REGLAMENTO INVESTIGACION UPeU 2025 V8.pdf · Artículo 110° · v8 2025 · [C – Investigación]"", ""REGLAMENTO INVESTIGACION UPeU 2025 V8.pdf · Artículo 109° · v8 2025 · [C – Investigación]"", ""REGLAMENTO INVESTIGACION UPeU 2025 V8.pdf · Artículo 17° · v8 2025 · [C – Investigación]"", ""REGLAMENTO INVESTIGACION UPeU 2025 V8.pdf · Artículo 107° · v8 2025 · [C – Investigación]""]"
Q06,valid,not_applicable,399,"[""REGLAMENTO INVESTIGACION UPeU 2025 V8.pdf · Artículo 119° · v8 2025 · [C – Investigación]"", ""REGLAMENTO INVESTIGACION UPeU 2025 V8.pdf · Artículo 107° · v8 2025 · [C – Investigación]"", ""REGLAMENTO INVESTIGACION UPeU 2025 V8.pdf · Artículo 93° · v8 2025 · [C – Investigación]"", ""REGLAMENTO INVESTIGACION UPeU 2025 V8.pdf · Artículo 21° · v8 2025 · [C – Investigación]""]"
Q07,valid,not_applicable,189,"[""REGLAMENTO BECAS 2021 ACTUALIZADO.pdf · CAPÍTULO V · 2021 · [D – Bienestar estudiantil]"", ""REGLAMENTO BECAS 2021 ACTUALIZADO.pdf · Artículo 69° · 2021 · [D – Bienestar estudiantil]"", ""REGLAMENTO BECAS 2021 ACTUALIZADO.pdf · Artículo 20° · 2021 · [D – Bienestar estudiantil]"", ""REGLAMENTO BECAS 2021 ACTUALIZADO.pdf · Artículo 25° · 2021 · [D – Bienestar estudiantil]""]"
Q08,valid,not_applicable,790,"[""REGLAMENTO DE ESTUDIOS POSGRADO 2025.pdf · Capítulo II · 2025 · [B – Académico y estudios]"", ""REGLAMENTO DE ESTUDIOS V5_2025.pdf · Capítulo II · v5 · [B – Académico y estudios]"", ""ESTATUTO 2024. 04-09-2024.pdf · Artículo 114° · 2024 · [A – Gobierno y estatuto institucional]"", ""REGLAMENTO ESTUDIANTE UNIONISTA V3.pdf · Artículo 55° · v3 · [D – Bienestar estudiantil]""]"
Q09,valid,not_applicable,283,"[""REGLAMENTO INTERNO DE TRABAJO Final 2020.pdf · CAPÍTULO II · 2020 · [E – Laboral, docencia y políticas]"", ""REGLAMENTO INTERNO DE TRABAJO Final 2020.pdf · CAPÍTULO VII · 2020 · [E – Laboral, docencia y políticas]"", ""REGLAMENTO INTERNO DE TRABAJO Final 2020.pdf · TÍTULO IX · 2020 · [E – Laboral, docencia y políticas]"", ""REGLAMENTO INTERNO DE TRABAJO Final 2020.pdf · Artículo 133° · 2020 · [E – Laboral, docencia y políticas]""]"
Q10,valid,not_applicable,118,"[""reglamento_deauditoria_interna.pdf · ARTÍCULO 11 · [E – Laboral, docencia y políticas]"", ""reglamento_deauditoria_interna.pdf · ARTICULO 10 · [E – Laboral, docencia y políticas]"", ""reglamento_deauditoria_interna.pdf · ARTICULO 42 · [E – Laboral, docencia y políticas]"", ""REGLAMENTO GENERAL UPeU 2023.pdf · Artículo 613° · 2023 · [A – Gobierno y estatuto institucional]""]"
Q11,valid,not_applicable,273,"[""REGLAMENTO DE ESTUDIOS V5_2025.pdf · Artículo 114º · v5 · [B – Académico y estudios]"", ""REGLAMENTO DE ESTUDIOS V5_2025.pdf · Artículo 339º · v5 · [B – Académico y estudios]"", ""REGLAMENTO MOVILIDAD ACADEMICA ESTUDIANTIL Y DOCENTEv1.pdf · Capítulo III · v1 · [B – Académico y estudios]"", ""REGLAMENTO MOVILIDAD ACADEMICA ESTUDIANTIL Y DOCENTEv1.pdf · Capítulo III · v1 · [B – Académico y estudios]""]"
Q12,valid,not_applicable,163,"[""REGLAMENTO ADMISION 2025.v7.pdf · Artículo 40° · v7 2025 · [B – Académico y estudios]"", ""REGLAMENTO GRADOS Y TITULOS.v8 2025.pdf · artículo 2.4 · v8 2025 · [B – Académico y estudios]""]"
Q13,valid,not_applicable,769,"[""REGLAMENTO INCENTIVOS INVESTIGACION E INNOVACIÓN 2025.pdf · Artículo 37° · 2025 · [C – Investigación]"", ""REGLAMENTO INCENTIVOS INVESTIGACION E INNOVACIÓN 2025.pdf · 2025 · [C – Investigación]"", ""REGLAMENTO INCENTIVOS INVESTIGACION E INNOVACIÓN 2025.pdf · Artículo 10° · 2025 · [C – Investigación]"", ""REGLAMENTO INVESTIGADORES UPeU V1 2025.pdf · Artículo 10° · v1 2025 · [C – Investigación]""]"
Q14,valid,not_applicable,325,"[""REGLAMENTO ESTUDIANTE UNIONISTA V3.pdf · Artículo 32° · v3 · [D – Bienestar estudiantil]"", ""ESTATUTO 2024. 04-09-2024.pdf · Artículo 112° · 2024 · [A – Gobierno y estatuto institucional]"", ""REGLAMENTO ESTUDIANTE UNIONISTA V3.pdf · Artículo 30° · v3 · [D – Bienestar estudiantil]"", ""REGLAMENTO ESTUDIANTE UNIONISTA V3.pdf · CAPÍTULO  IV · v3 · [D – Bienestar estudiantil]""]"
Q15,valid,not_applicable,1023,"[""REGLAMENTO BECAS 2021 ACTUALIZADO.pdf · Artículo 49° · 2021 · [D – Bienestar estudiantil]"", ""REGLAMENTO BECAS 2021 ACTUALIZADO.pdf · Artículo 61° · 2021 · [D – Bienestar estudiantil]"", ""REGLAMENTO BECAS 2021 ACTUALIZADO.pdf · Artículo 48° · 2021 · [D – Bienestar estudiantil]"", ""REGLAMENTO BECAS 2021 ACTUALIZADO.pdf · Artículo 53° · 2021 · [D – Bienestar estudiantil]""]"
Q16,valid,not_applicable,120,"[""REGLAMENTO INTERNO DE TRABAJO Final 2020.pdf · Artículo 140° · 2020 · [E – Laboral, docencia y políticas]"", ""REGLAMENTO INTERNO DE TRABAJO Final 2020.pdf · Artículo 171° · 2020 · [E – Laboral, docencia y políticas]"", ""Reglamento Prevención Acoso y Hostigamiento Sexual 2025.pdf · Artículo 22° · 2025 · [E – Laboral, docencia y políticas]"", ""REGLAMENTO DEFENSORIA UNIVERSITARIA 2025 v4.pdf · Artículo 30° · v4 2025 · [A – Gobierno y estatuto institucional]""]"
Q17,valid,not_applicable,292,"[""Reglamento Pago Servicios Educativos o Académicos.pdf · Artículo 7 · [B – Académico y estudios]"", ""Reglamento Pago Servicios Educativos o Académicos.pdf · Artículo 6 · [B – Académico y estudios]"", ""Reglamento Pago Servicios Educativos o Académicos.pdf · Artículo 8 · [B – Académico y estudios]"", ""REGLAMENTO ESTUDIANTE UNIONISTA V3.pdf · v3 · [D – Bienestar estudiantil]""]"
